X,Y,Z,Log_X,Sqrt_Y,Square_Z,Exp_X_Small
26,26,31,3.258096538021482,5.0990195135927845,961,13.463738035001692
35,7,16,3.5553480614894135,2.6457513110645907,256,33.11545195869231
37,18,11,3.6109179126442243,4.242640687119285,121,40.4473043600674
29,37,19,3.367295829986474,6.082762530298219,361,18.17414536944306
42,9,13,3.7376696182833684,3.0,169,66.68633104092515
